Computer Science,Ryerson University,86,ENG4U,MHF4U,MCV4U,SPH4U,,9652,29.1,TRUE,5,https://www.ryerson.ca/programs/undergraduate/computer-science/,
Computer Science,York University,83,ENG4U,MHF4U,MCV4U,SPH4U,,9653,28.8,TRUE,5,https://futurestudents.yorku.ca/program/computer-science#:~:text=School%20of%20Engineering--,
Computer Science,University of Toronto,90,ENG4U,MCV4U,,,,11420,38,TRUE,5,"https://future.utoronto.ca/undergraduate-programs/computer-science/#:~:text=Computer%20Science-,
Computer Science,University of Waterloo,90,ENG4U,MHF4U,MCV4U,,,13880,135,TRUE,5,https://uwaterloo.ca/future-students/programs/computer-science#:~:text=Undergraduate%20ProgramsPrograms-,
Computer Science,McMaster University,90,ENG4U,MCV4U,SPH4U,ICS4U,,7997,108,TRUE,5,https://future.mcmaster.ca/programs/computer-science/?p1=9497&ib=no&frb=no&ss=attending-canada&p=ontario&cbe=no,
Computer Science,University of Guelph,87,ENG4U,MCV4U,,,,9817,107,TRUE,5,https://www.uoguelph.ca/computing/undergraduates/admissions,
Computer Science,Carleton University,86,ENG4U,MHF4U,MCV4U,,,10278,375,TRUE,5,https://admissions.carleton.ca/applicant-type/current-ontario-high-school-students-2/,
Computer Science,Trent University,80,ENG4U,,,,,8831.6,45.4,TRUE,5,https://www.trentu.ca/futurestudents/degree/computing-systems?target=undergraduate,
Computer Science,Wilfrid Laurier University,85,ENG4U,MHF4U,MCV4U,SPH4U,,6953,131,TRUE,5,https://www.wlu.ca/programs/science/undergraduate/computer-science-bsc/index.html,
Computer Science,University of Ottawa,90,ENG4U,,,,,9402,442,TRUE,5,https://engineering.uottawa.ca/undergraduate-programs/computer-science,
Biology,Algoma University,73,ENG4U,MHF4U,SBI4U,SCH4U,,6839.18,681.6,FALSE,3,https://algomau.ca/academics/programs/biology/,
Biomedical Sciences,Brock University,80,ENG4U,MHF4U,SBI4U,SPH4U,,6641.85,150.6,FALSE,4,https://brocku.ca/programs/undergraduate/biomedical-sciences/,
Biophysics,Brock University,75,ENG4U,MHF4U,SBI4U,SPH4U,,6641.85,150.6,FALSE,4,https://brocku.ca/programs/undergraduate/biophysics/,
Biology ,Carleton University,80,ENG4U,MHF4U,SBI4U,SPH4U,,7272.57,374.9,TRUE,4,https://admissions.carleton.ca/programs/biology-bsc/,
Biology,Ryerson University,80,ENG4U,MHF4U,SBI4U,SPH4U,,7058.94,29.1,TRUE,4,https://www.ryerson.ca/programs/undergraduate/biology/,
Biology,University of Toronto,85,ENG4U,MCV4U,SBI4U,SCH4U,,6100,38,FALSE,4,https://artsci.calendar.utoronto.ca/section/Biology,
Biology,Lakehead University,73,ENG4U,MHF4U,MCV4U,SBI4U,,7241.64,159.325,FALSE,4,https://www.lakeheadu.ca/programs/undergraduate-programs/biology/node/3362,
Biology,Laurentian University,73,ENG4U,MHF4U,SBI4U,SBI4U,,7133.64,383.4,FALSE,4,https://laurentian.ca/program/biology,
Biology,McMaster University,90,ENG4U,MHF4U,MCV4U,SBI4U,,7025.46,100,FALSE,4,https://www.biology.mcmaster.ca/undergraduate/undergraduate-programs.html#biology-core,
Biology,Nipissing University,72,ENG4U,MHF4U,SCH4U,SBI4U,,7245.81,342.4,FALSE,4,https://www.nipissingu.ca/academics/faculty-arts-and-science/studies-biology-and-chemistry/biology,
Biology,Trent University,72,ENG4U,SBI4U,SCH4U,,,7724.50,118.8,TRUE,4,https://www.trentu.ca/futurestudents/degree/biology?target=undergraduate,
Biology,University of Ottawa,82,ENG4U,MHF4U,MCV4U,SBI4U,SCH4U,7188.80,378,TRUE,4,https://catalogue.uottawa.ca/en/undergrad/major-biology/,
Biology,Western University,85,ENG4U,MHF4U,MCV4U,SBI4U,,7653.22,208.3,TRUE,4,https://www.uwo.ca/sci/undergraduate/future_students/academic_programs/biology.html,
Biology,York University,85,ENG4U,MHF4U,SBI4U,SCH4U,,7311.12,19.6,FALSE,4,https://futurestudents.yorku.ca/program/biology/science,
Animal Biology,University of Guelph,87,ENG4U,MHF4U,SBI4U,SCH4U,,6998.28,104.8,FALSE,4,https://admission.uoguelph.ca/bsc/abio,
Biology,Queen's University,82,ENG4U,MHF4U,MCV4U,SBI4U,SCH4U,7220.71,254.8,TRUE,4,https://www.queensu.ca/artsci/programs-and-degrees/natural-physical-sciences/biology,
Biology,University of Waterloo,82,ENG4U,MHF4U,MCV4U,SBI4U,SCH4U,7700,128,TRUE,4,https://uwaterloo.ca/future-students/programs/biology,
Biology (BSc),Wilfrid Laurier University,85,ENG4U,MHF4U,SBI4U,SCH4U,,7848.93,123.6,TRUE,4,https://wlu.ca/programs/science/undergraduate/biology-bsc/index.html?ref=programs%2Fscience%2Fundergraduate%2Fbiology-bsc%2Fprogram-details.html,
Interactive Biology,University of Windsor,72,ENG4U,MHF4U,SBI4U,SCH4U,,8468.22,383.8,FALSE,4,https://future.uwindsor.ca/biological-sciences,
Biology and Physics,Carleton University,80,ENG4U,MHF4U,SBI4U,SPH4U,,7272.57,374.9,TRUE,4,https://admissions.carleton.ca/programs/biology-bsc/,
Physics,Brock University,75,ENG4U,MHF4U,SCH4U,SPH4U,,6641.85,150.6,TRUE,4,https://brocku.ca/programs/undergraduate/physics/,
Theoretical Physics,Carleton University,80,SPH4U,MHF4U,MCV4U,SCH4U,,7272.57,374.9,TRUE,4,https://admissions.carleton.ca/programs/physics/,
Medical Physics,Ryerson University,72,ENG4U,MHF4U,SPH4U,SCH4U,,7058.94,29.1,TRUE,4,https://www.ryerson.ca/programs/undergraduate/medical-physics/,
Physics,University of Toronto,85,ENG4U,MCV4U,SPH4U,,,6100,38,TRUE,4,https://artsci.calendar.utoronto.ca/section/Physics,
Physics,Lakehead University,72,ENG4U,MHF4U,MCV4U,SPH4U,,7241.64,159.325,TRUE,4,https://www.lakeheadu.ca/programs/undergraduate-programs/physics/node/3361,
Physics,McMaster University,88,ENG4U,MHF4U,MCV4U,SPH4U,SCH4U,7025.46,100,TRUE,4,https://physics.mcmaster.ca/undergraduate-studies/current-students/undergraduate-programs.html#e-honours-physics-b-sc-4-year-program,
Physics,Trent University,72,ENG4U,MHF4U,,,,7724.50,118.8,FALSE,4,https://www.trentu.ca/futurestudents/degree/physics?target=undergraduate,
Physics,University of Ottawa,80,ENG4U,MHF4U,MCV4U,SPH4U,SCH4U,7188.80,378,TRUE,4,https://catalogue.uottawa.ca/en/undergrad/major-physics/,
Physics & Astronomy,Western University,85,ENG4U,MHF4U,MCV4U,SPH4U,,7653.22,208.3,TRUE,4,https://www.uwo.ca/sci/undergraduate/future_students/academic_programs/physics_astronomy.html,
Physics & Astronomy,York University,84,ENG4U,MHF4U,MCV4U,SPH4U,,7311.12,19.6,FALSE,4,https://futurestudents.yorku.ca/program/physics-astronomy,
Physics,University of Guelph,80,ENG4U,MHF4U,SPH4U,SCH4U,,6946.28,104.8,TRUE,4,https://admission.uoguelph.ca/bsc/phys,
Physics & Astronomy,Queen's University,83,ENG4U,MHF4U,MCV4U,SPH4U,SCH4U,7220.71,254.8,TRUE,4,https://www.queensu.ca/physics/undergrad-studies/physics-program-overview/physics-astronomy,
Physics,University of Waterloo,83,ENG4U,MHF4U,MCV4U,SPH4U,SCH4U,7700,128,TRUE,4,https://uwaterloo.ca/future-students/programs/physics,
Physics,Wilfrid Laurier University,85,ENG4U,MHF4U,MCV4U,SPH4U,,7848.93,123.6,TRUE,4,https://www.wlu.ca/programs/science/undergraduate/physics-bsc/index.html,
Physics,University of Windsor,72,ENG4U,MHF4U,SPH4U,,,8468.22,383.8,TRUE,4,https://future.uwindsor.ca/physics,
Mathematics & Statistics,Brock University,75,MHF4U,MCV4U,ENG4U,,,6641.86,150.6,TRUE,4,https://brocku.ca/programs/undergraduate/mathematics-and-statistics/,
Mathematics,Carleton University,79,MHF4U,MCV4U,ENG4U,,,7261.58,374.9,FALSE,3,https://admissions.carleton.ca/programs/mathematics/,
Mathematics & Economics,Lakehead University,73,ENG4U,ENG4U,MHF4U,MCV4U,,7241.64,125,FALSE,3,https://www.lakeheadu.ca/programs/undergraduate-programs/mathematics/node/3597,
Mathematics & Statistics Gateway,McMaster University,84,ENG4U,MHF4U,MCV4U,,,7025.46,100,TRUE,4,https://www.math.mcmaster.ca/undergraduate/undergraduate-programs.html,
Mathematics,Waterloo University,89,ENG4U,MHF4U,MCV4U,,,9300,128,TRUE,4,https://uwaterloo.ca/future-students/programs/mathematics,
Chemical Engineering,University of Toronto,89,ENG4U,MCV4U,MHF4U,SCH4U,,7090,28.7,TRUE,4,https://discover.engineering.utoronto.ca/programs/engineering-programs/chemical-engineering/,
Chemical & Physical Sciences Gateway,McMaster University,82,ENG4U,MHF4U,MCV4U,SCH4U,,7025.46,100,FALSE,3,https://www.chemistry.mcmaster.ca/undergraduate/programmes-in-chemistry.html,
Chemistry,Ryerson University,73,ENG4U,MHF4U,SBI4U,SCH4U,,7850.94,29.1,TRUE,4,https://www.ryerson.ca/programs/undergraduate/chemistry/,
Chemistry,York University,79,ENG4U,MHF4U,SCH4U,SPH4U,,7311.12,19.6,FALSE,3,https://futurestudents.yorku.ca/program/chemistry,
Chemistry,University of Ottawa,82,ENG4U,MCV4U,MHF4U,SCH4U,,7188.8,378,TRUE,3,https://catalogue.uottawa.ca/en/undergrad/major-chemistry/,
Mechanical Engineering,University of Waterloo,88,ENG4U,MCVFU,MHF4U,SPH4U,SCH4U,16000,128,TRUE,5,https://uwaterloo.ca/future-students/programs/mechanical-engineering,
Mechatronics Engineering,University of Waterloo,90,ENG4U,MCVFU,MHF4U,SPH4U,SCH4U,16000,128,TRUE,5,https://uwaterloo.ca/future-students/programs/mechatronics-engineering,
Civil Engineering,Western University,88,ENG4U,MCVFU,MHF4U,SPH4U,SCH4U,7500,230,TRUE,4,https://welcome.uwo.ca/what-can-i-study/undergraduate-programs/engineering.html,
Mechanical Engineering Ci,University of Toronto,87,ENG4U,MCVFU,MHF4U,SPH4U,SCH4U,14180,38,TRUE,4,https://www.mie.utoronto.ca/programs/undergraduate/mechanical-engineering/#admission,
Engineering 1,McMaster University,88,ENG4U,MCVFU,SPH4U,SCH4U,,7000,100,TRUE,4,https://www.eng.mcmaster.ca/your-first-year-engineering-1,
Electrical Engineering,Queen's University,83,ENG4U,MCVFU,SPH4U,MHF4U,,6150,254.8,TRUE,4,https://engineering.queensu.ca/programs/undergraduate/electrical-engineering.html,
Computer Systems Engineering,Carleton University,80,ENG4U,MCVFU,SPH4U,MHF4U,,11800,374,TRUE,4,https://admissions.carleton.ca/programs/computer-systems-engineering/,
Biotechnology,Brock University,75,ENG4U,MHF4U,SBI4U,,,6500,150.6,TRUE,4,https://brocku.ca/programs/undergraduate/biotechnology/,
Civil Engineering,Lakehead University,72,ENG4U,MHF4U,SPH4U,SCH4U,,9060,125,TRUE,4,https://www.lakeheadu.ca/programs/departments/civil-engineering/programs/ug,
Computer Engineering,University of Ottawa,82,ENG4U,MCVFU,MHF4U,SPH4U,SCH4U,10500,378,TRUE,4,https://catalogue.uottawa.ca/en/undergrad/basc-computer-engineering/,
Mechanical Engineering,York University,85,ENG4U,MCVFU,MHF4U,SPH4U,SCH4U,10800,19.6,TRUE,4,https://futurestudents.yorku.ca/program/mechanical-engineering,
Biomedical Engineering,University of Guelph,87,ENG4U,MCVFU,MHF4U,SBI4U,SPH4U,12200,104.8,TRUE,4,https://admission.uoguelph.ca/beng/biomed,
Environmental,University of Guelph,87,ENG4U,MCVFU,MHF4U,SBI4U,SPH4U,10300,104.8,TRUE,4,https://admission.uoguelph.ca/beng/enve,
General Engineering,University of Windsor,75,ENG4U,MHF4U,SPH4U,SCH4U,,12050,383.9,TRUE,4,https://future.uwindsor.ca/general-engineering,
Aerospace Engineering,Ryerson University,83,ENG4U,MCVFU,MHF4U,SPH4U,SCH4U,11150,29.1,TRUE,4,https://www.ryerson.ca/programs/undergraduate/aerospace-engineering/,
Chemical Engineering,McMaster University,89,ENG4U,MHF4U,SPH4U,SCH4U,,13400,100,TRUE,4,https://www.eng.mcmaster.ca/chemeng/programs/degree-options/beng-0,
Geological Engineering,University of Waterloo,86,ENG4U,MCVFU,MHF4U,SPH4U,SCH4U,17100,128,TRUE,5,https://uwaterloo.ca/future-students/programs/geological-engineering,
Mechanical Engineering,University of Ottawa,82,ENG4U,MCVFU,MHF4U,SPH4U,SCH4U,10550,378,TRUE,4,https://catalogue.uottawa.ca/en/undergrad/basc-mechanical-engineering/,
Engineering Physics,Queen's University,85,ENG4U,MCVFU,MHF4U,SPH4U,SCH4U,13163.47,254.8,TRUE,4,https://www.queensu.ca/physics/undergrad-studies/engineering-physics-program-overview/engineering-physics,
Astronomy & Astrophysics,University of Toronto,85,ENG4U,MCV4U,,,,6100,38,FALSE,4,https://artsci.calendar.utoronto.ca/section/Astronomy-and-Astrophysics,
Applied Water Science,Wilfrid Laurier University,82,ENG4U,MHF4U,SBI4U,SCH4U,,7848.93,123.6,TRUE,4,https://www.wlu.ca/programs/science/undergraduate/water-science-and-environmental-health-bsc/index.html?ref=programs%2Fscience%2Fundergraduate%2Fapplied-water-science-bsc%2Fprogram-details.html,
Behaviour Cognition and Neuroscience,University of Windsor,72,ENG4U,MHF4U,SCH4U,SBH4U,,8468.22,383.8,FALSE,4,https://future.uwindsor.ca/behaviour-cognition-neuroscience,
Behavioural Neuroscience,Laurentian University,71,ENG4U,MHF4U,SBI4U,SCH4U,,7133.64,383.4,FALSE,4,https://laurentian.ca/program/behavioural-neuroscience,
Biochemistry,University of Ottawa,82,ENG4U,MHF4U,MCV4U,SBI4U,SPH4U,7188.8,375.6,TRUE,4,https://catalogue.uottawa.ca/en/undergrad/major-biochemistry/,
Biology & Pharmacology,McMaster University,90,ENG4U,MHF4U,MCV4U,SBI4U,,7025.46,101.2,TRUE,5,https://catalogue.uottawa.ca/en/undergrad/major-biochemistry/,
Chemistry,Trent University,72,ENG4U,SCH4U,MHF4U,,,7724.5,110.8,FALSE,4,https://www.trentu.ca/futurestudents/degree/chemistry?target=undergraduate,
Cognitive Science,York University,75,ENG4U,,,,,7311.12,19.6,FALSE,4,https://futurestudents.yorku.ca/program/cognitive-science,
Cognitive Science,Queen's University,82,ENG4U,MHF4U,MCV4U,,,7548.61,254.8,TRUE,4,https://www.cs.queensu.ca/undergraduate/programs/specializations/cognitive-science.php,
Computer Science,Brock University,78,ENG4U,MHF4U,,,,6641.86,150.6,TRUE,5,https://www.ontariouniversitiesinfo.ca/programs/74,
Mathematics and Computer Science,Brock University,75,ENG4U,MHF4U,MCV4U,ICS4U,,6641.86,150.6,TRUE,5,https://www.ontariouniversitiesinfo.ca/programs/75,
Neuroscience,Brock University,75,ENG4U,MHF4U,MCV4U,SBI4U,SPH4U,6641.86,150.6,TRUE,5,https://www.ontariouniversitiesinfo.ca/programs/108,
Computing and Solid State Device Technology,Brock University,78,ENG4U,SPH4U,MHF4U,MCV4U,,6641.86,150.6,TRUE,5,https://www.ontariouniversitiesinfo.ca/programs/80,
Biochemistry,Brock University,75,MHF4U,ENG4U,SCH4U,SPH4U,SBI4U,6641.86,150.6,TRUE,5,https://www.ontariouniversitiesinfo.ca/programs/66,
Chemistry,Brock University,75,MHF4U,ENG4U,SCH4U,SPH4U,SBI4U,6641.86,150.6,TRUE,5,https://www.ontariouniversitiesinfo.ca/programs/72,
Biotechnology,Brock University,78,MHF4U,ENG4U,SCH4U,SPH4U,SBI4U,6641.86,150.6,TRUE,5,https://www.ontariouniversitiesinfo.ca/programs/70,
Applied Environmental Science and Technology,Brock University,75,MHF4U,ENG4U,SCH4U,,,6641.86,150.6,TRUE,5,https://www.ontariouniversitiesinfo.ca/programs/1226,
Physics,Brock University,75,MHF4U,MCV4U,SCH4U,ENG4U,SPH4U,6641.86,150.6,TRUE,5,https://www.ontariouniversitiesinfo.ca/programs/109,
Earth Sciences,Brock University,70,MHF4U,SCH4U,ENG4U,,,6641.86,150.6,TRUE,5,https://www.ontariouniversitiesinfo.ca/programs/85,
Environmental Engineering,Carleton University,80,ENG4U,MCV4U,SBI4U,SCH4U,,11800,374.9,TRUE,5,https://www.ontariouniversitiesinfo.ca/programs/58,
Electrical Engineering,Carleton University,75,MHF4U,SCH4U,SPH4U,,,11800,374.9,TRUE,5,https://www.ontariouniversitiesinfo.ca/programs/57,
Engineering Physics,Carleton University,75,ENG4U,SCH4U,SPH4U,,,11800,374.9,TRUE,5,https://www.ontariouniversitiesinfo.ca/programs/60,
Computer Science,Carleton University,85,MHF4U,MCV4U,,,,11800,374.9,TRUE,5,https://www.ontariouniversitiesinfo.ca/programs/41,
Mathematics,Carleton University,80,MHF4U,MCV4U,,,,11800,374.9,TRUE,5,https://www.ontariouniversitiesinfo.ca/programs/1365,
Aerospace Engineering,Carleton University,75,MHF4U,SCH4U,MCV4U,,,11800,374.9,TRUE,5,https://www.ontariouniversitiesinfo.ca/programs/52,
Mechanical Engineering,Carleton University,80,MHF4U,SCH4U,SPH4U,,,11800,374.9,TRUE,5,https://www.ontariouniversitiesinfo.ca/programs/59,
Software Engineering,Carleton University,80,MHF4U,SCH4U,SPH4U,,,11800,374.9,TRUE,5,https://www.ontariouniversitiesinfo.ca/programs/61,
Science – Honours,Carleton University,88,MHF4U,SBI4U,SCH4U,,,11800,374.9,TRUE,4,https://www.ontariouniversitiesinfo.ca/programs/94,
Life Sciences,McMaster University,90,ENG4U,MCV4U,SBI4U,,,7997,101.2,TRUE,5,https://www.ontariouniversitiesinfo.ca/programs/1248,
Biotechnology,McMaster University,85,ENG4U,MCV4U,SCH4U,SPH4U,,7997,101.2,TRUE,4,https://www.ontariouniversitiesinfo.ca/programs/6434,
Computer Engineering and Management,McMaster University,90,ENG4U,MCV4U,SCH4U,SPH4U,,7997,101.2,TRUE,5,https://www.ontariouniversitiesinfo.ca/programs/1246,
Mechatronics,McMaster University,90,ENG4U,MCV4U,SCH4U,SPH4U,,7997,101.2,TRUE,4,https://www.ontariouniversitiesinfo.ca/programs/1246,
Software Engineering,McMaster University,90,ENG4U,MCV4U,SCH4U,SPH4U,,7997,101.2,TRUE,4,https://www.ontariouniversitiesinfo.ca/programs/1246,
Mathematics and Statistics,McMaster University,88,ENG4U,MHF4U,MCV4U,,,7997,101.2,TRUE,5,https://www.ontariouniversitiesinfo.ca/programs/150,
Earth & Environmental Science,McMaster University,85,ENG4U,MHF4U,MCV4U,SBI4U,,7997,101.2,TRUE,5,https://www.ontariouniversitiesinfo.ca/programs/1247,
Chemistry,McMaster University,85,MHF4U,MCV4U,SCH4U,SPH4U,ENG4U,7997,101.2,TRUE,5,https://www.ontariouniversitiesinfo.ca/programs/1249,
Medical & Biological Physics,McMaster University,85,MHF4U,MCV4U,SCH4U,SPH4U,ENG4U,7997,101.2,TRUE,5,https://www.ontariouniversitiesinfo.ca/programs/1249,
Physics,McMaster University,85,MHF4U,MCV4U,SCH4U,SPH4U,ENG4U,7997,101.2,TRUE,5,https://www.ontariouniversitiesinfo.ca/programs/1249,
Astrophysics,Queen's University,85,MHF4U,SCH4U,SPH4U,SBI4U,,13163.47,254.8,TRUE,5,https://www.ontariouniversitiesinfo.ca/programs/715,
Computing & Mathematics,Queen's University,85,ENG4U,MHF4U,MCV4U,SCH4U,SPH4U,13163.47,254.8,TRUE,5,https://www.ontariouniversitiesinfo.ca/programs/715,
Biochemistry,Queen's University,85,ENG4U,MHF4U,MCV4U,SCH4U,SPH4U,13163.47,254.8,TRUE,5,https://www.ontariouniversitiesinfo.ca/programs/715,
Biology,Queen's University,85,ENG4U,MHF4U,MCV4U,SCH4U,SPH4U,13163.47,254.8,TRUE,5,https://www.ontariouniversitiesinfo.ca/programs/715,
Biology and Mathematics,Queen's University,85,ENG4U,MHF4U,MCV4U,SCH4U,SPH4U,13163.47,254.8,TRUE,5,https://www.ontariouniversitiesinfo.ca/programs/715,
Biology and Psychology,Queen's University,85,ENG4U,MHF4U,MCV4U,SCH4U,SPH4U,13163.47,254.8,TRUE,5,https://www.ontariouniversitiesinfo.ca/programs/715,
Biotechnology,Queen's University,85,ENG4U,MHF4U,MCV4U,SCH4U,SPH4U,13163.47,254.8,TRUE,5,https://www.ontariouniversitiesinfo.ca/programs/715,
Chemistry,Queen's University,85,ENG4U,MHF4U,MCV4U,SCH4U,SPH4U,13163.47,254.8,TRUE,5,https://www.ontariouniversitiesinfo.ca/programs/715,
Environmental Chemistry,Queen's University,85,ENG4U,MHF4U,MCV4U,SCH4U,SPH4U,13163.47,254.8,TRUE,5,https://www.ontariouniversitiesinfo.ca/programs/715,
Environmental Science,Queen's University,85,ENG4U,MHF4U,MCV4U,SCH4U,SPH4U,13163.47,254.8,TRUE,5,https://www.ontariouniversitiesinfo.ca/programs/715,
Environmental Toxicology,Queen's University,85,ENG4U,MHF4U,MCV4U,SCH4U,SBI4U,13163.47,254.8,TRUE,5,https://www.ontariouniversitiesinfo.ca/programs/715,
Life Sciences,Queen's University,90,ENG4U,MHF4U,MCV4U,SCH4U,SBI4U,13163.47,254.8,TRUE,5,https://www.ontariouniversitiesinfo.ca/programs/7526,
Mathematical Physics,Queen's University,85,ENG4U,MHF4U,MCV4U,SCH4U,SPH4U,13163.47,254.8,TRUE,5,https://www.ontariouniversitiesinfo.ca/programs/715,
Mathematics,Queen's University,85,ENG4U,MHF4U,MCV4U,SCH4U,SPH4U,13163.47,254.8,TRUE,5,https://www.ontariouniversitiesinfo.ca/programs/715,
Physics,Queen's University,85,ENG4U,MHF4U,MCV4U,SCH4U,SPH4U,13163.47,254.8,TRUE,5,https://www.ontariouniversitiesinfo.ca/programs/715,
Chemical Engineering,Queen's University,90,ENG4U,MCV4U,SPH4U,SCH4U,MHF4U,13163.47,254.8,TRUE,5,https://www.ontariouniversitiesinfo.ca/programs/709,
Civil Engineering,Queen's University,90,ENG4U,MCV4U,SPH4U,SCH4U,MHF4U,13163.47,254.8,TRUE,5,https://www.ontariouniversitiesinfo.ca/programs/709,
Computer Engineering,Queen's University,90,ENG4U,MCV4U,SPH4U,SCH4U,MHF4U,13163.47,254.8,TRUE,5,https://www.ontariouniversitiesinfo.ca/programs/709,
Electrical Engineering,Queen's University,90,ENG4U,MCV4U,SPH4U,SCH4U,MHF4U,13163.47,254.8,TRUE,5,https://www.ontariouniversitiesinfo.ca/programs/709,
Engineering Chemistry,Queen's University,90,ENG4U,MCV4U,SPH4U,SCH4U,MHF4U,13163.47,254.8,TRUE,5,https://www.ontariouniversitiesinfo.ca/programs/709,
Engineering Physics,Queen's University,90,ENG4U,MCV4U,SPH4U,SCH4U,MHF4U,13163.47,254.8,TRUE,5,https://www.ontariouniversitiesinfo.ca/programs/709,
Mathematics and Engineering,Queen's University,90,ENG4U,MCV4U,SPH4U,SCH4U,MHF4U,13163.47,254.8,TRUE,5,https://www.ontariouniversitiesinfo.ca/programs/709,
Mechanical Engineering,Queen's University,90,ENG4U,MCV4U,SPH4U,SCH4U,MHF4U,13163.47,254.8,TRUE,5,https://www.ontariouniversitiesinfo.ca/programs/709,
Biomedical Computing,Queen's University,90,ENG4U,MHF4U,MCV4U,,,13163.47,254.8,TRUE,5,https://www.ontariouniversitiesinfo.ca/programs/707,
Computer Science,Queen's University,90,ENG4U,MHF4U,MCV4U,,,13163.47,254.8,TRUE,5,https://www.ontariouniversitiesinfo.ca/programs/707,
Software Design,Queen's University,90,ENG4U,MHF4U,MCV4U,,,13163.47,254.8,TRUE,5,https://www.ontariouniversitiesinfo.ca/programs/707,
Computer Science,Ryerson University,95,ENG4U,MHF4U,SCH4U,,,7058.94,29.1,TRUE,5,https://www.ontariouniversitiesinfo.ca/programs/6563,
Mathematics & its Applications,Ryerson University,75,ENG4U,MHF4U,SPH4U,,,7058.94,29.1,TRUE,5,https://www.ontariouniversitiesinfo.ca/programs/1948,
Biology,Ryerson University,85,ENG4U,MHF4U,SBI4U,SPH4U,,7058.94,29.1,TRUE,5,https://www.ontariouniversitiesinfo.ca/programs/759,
Biomedical Science,Ryerson University,85,ENG4U,MHF4U,SBI4U,SPH4U,,7058.94,29.1,TRUE,5,https://www.ontariouniversitiesinfo.ca/programs/5134,
Chemistry,Ryerson University,75,ENG4U,MHF4U,SBI4U,SPH4U,,7058.94,29.1,TRUE,5,https://www.ontariouniversitiesinfo.ca/programs/760,
Medical Physics,Ryerson University,75,ENG4U,MHF4U,SBI4U,SPH4U,,7058.94,29.1,TRUE,5,https://www.ontariouniversitiesinfo.ca/programs/761,
Aerospace Engineering,Ryerson University,90,ENG4U,MHF4U,MCV4U,SPH4U,SCH4U,7058.94,29.1,TRUE,5,https://www.ontariouniversitiesinfo.ca/programs/717,
Biomedical Engineering,Ryerson University,90,ENG4U,MHF4U,MCV4U,SPH4U,SCH4U,7058.94,29.1,TRUE,5,https://www.ontariouniversitiesinfo.ca/programs/1329,
Chemical Engineering,Ryerson University,85,ENG4U,MHF4U,MCV4U,SPH4U,SCH4U,7058.94,29.1,TRUE,5,https://www.ontariouniversitiesinfo.ca/programs/726,
Civil Engineering,Ryerson University,90,ENG4U,MHF4U,MCV4U,SPH4U,SCH4U,7058.94,29.1,TRUE,5,https://www.ontariouniversitiesinfo.ca/programs/728,
Computer Engineering,Ryerson University,95,ENG4U,MHF4U,MCV4U,SPH4U,SCH4U,7058.94,29.1,TRUE,5,https://www.ontariouniversitiesinfo.ca/programs/729,
Electrical Engineering,Ryerson University,90,ENG4U,MHF4U,MCV4U,SPH4U,SCH4U,7058.94,29.1,TRUE,5,https://www.ontariouniversitiesinfo.ca/programs/732,
Industrial Engineering,Ryerson University,85,ENG4U,MHF4U,MCV4U,SPH4U,SCH4U,7058.94,29.1,TRUE,5,https://www.ontariouniversitiesinfo.ca/programs/742,
Mechanical Engineering,Ryerson University,90,ENG4U,MHF4U,MCV4U,SPH4U,SCH4U,7058.94,29.1,TRUE,5,https://www.ontariouniversitiesinfo.ca/programs/747,
Forensic Biology,Trent University,75,ENG4U,SBI4U,SCH4U,SPH4U,,7724.50,118.8,FALSE,4,https://www.ontariouniversitiesinfo.ca/programs/7391,
Forensic Chemistry,Trent University,75,ENG4U,SBI4U,SCH4U,SPH4U,,7724.50,118.8,FALSE,4,https://www.ontariouniversitiesinfo.ca/programs/7390,
Forensic Science,Trent University,75,ENG4U,SBI4U,SCH4U,SPH4U,,7724.50,118.8,FALSE,4,https://www.ontariouniversitiesinfo.ca/programs/936,
Computer Science,University of Guelph,86,ENG4U,MCV4U,,,,10300,104.8,TRUE,5,https://www.ontariouniversitiesinfo.ca/programs/2665,
Software Engineering,University of Guelph,86,ENG4U,MCV4U,,,,10300,104.8,TRUE,5,https://www.ontariouniversitiesinfo.ca/programs/336,
Biological Engineering,University of Guelph,86,ENG4U,MCV4U,MHF4U,SCH4U,SPH4U,10300,104.8,TRUE,5,https://www.ontariouniversitiesinfo.ca/programs/336,
Biomedical Engineering,University of Guelph,86,ENG4U,MCV4U,MHF4U,SCH4U,SPH4U,10300,104.8,TRUE,5,https://www.ontariouniversitiesinfo.ca/programs/2667,
Computer Engineering,University of Guelph,86,ENG4U,MCV4U,MHF4U,SCH4U,SPH4U,10300,104.8,TRUE,5,https://www.ontariouniversitiesinfo.ca/programs/3441,
Engineering Systems and Computing,University of Guelph,86,ENG4U,MCV4U,MHF4U,SCH4U,SPH4U,10300,104.8,TRUE,5,https://www.ontariouniversitiesinfo.ca/programs/339,
Environmental Engineering,University of Guelph,86,ENG4U,MCV4U,MHF4U,SCH4U,SPH4U,10300,104.8,TRUE,5,https://www.ontariouniversitiesinfo.ca/programs/341,
Mechanical Engineering,University of Guelph,86,ENG4U,MCV4U,MHF4U,SCH4U,SPH4U,10300,104.8,TRUE,5,https://www.ontariouniversitiesinfo.ca/programs/2340,
Environmental Management,University of Guelph,76,ENG4U,SBI4U,,,,10300,104.8,TRUE,4,https://www.ontariouniversitiesinfo.ca/programs/318,
Chemical Engineering,University of Ottawa,83,ENG4U,MHF4U,MCV4U,SPH4U,SCH4U,10550,378,TRUE,5,https://www.ontariouniversitiesinfo.ca/programs/578,
Civil Engineering,University of Ottawa,83,ENG4U,MHF4U,MCV4U,SPH4U,SCH4U,10550,378,TRUE,5,https://www.ontariouniversitiesinfo.ca/programs/585,
Computer Engineering,University of Ottawa,85,ENG4U,MHF4U,MCV4U,SPH4U,SCH4U,10550,378,TRUE,5,https://www.ontariouniversitiesinfo.ca/programs/591,
Electrical Engineering,University of Ottawa,83,ENG4U,MHF4U,MCV4U,SPH4U,SCH4U,10550,378,TRUE,5,https://www.ontariouniversitiesinfo.ca/programs/594,
Mechanical Engineering,University of Ottawa,83,ENG4U,MHF4U,MCV4U,SPH4U,SCH4U,10550,378,TRUE,5,https://www.ontariouniversitiesinfo.ca/programs/598,
Software Engineering,University of Ottawa,87,ENG4U,MHF4U,MCV4U,,,10550,378,TRUE,5,https://www.ontariouniversitiesinfo.ca/programs/602,
Computer Science,University of Ottawa,88,ENG4U,MHF4U,MCV4U,,,10550,378,TRUE,5,https://www.ontariouniversitiesinfo.ca/programs/606,
Data Science,University of Ottawa,93,ENG4U,MHF4U,MCV4U,,,10550,378,TRUE,5,https://www.ontariouniversitiesinfo.ca/programs/7493,
Biochemistry,University of Ottawa,83,ENG4U,MHF4U,MCV4U,SBI4U,SCH4U,10550,378,TRUE,5,https://www.ontariouniversitiesinfo.ca/programs/7154,
Biology,University of Ottawa,83,ENG4U,MHF4U,MCV4U,SBI4U,SCH4U,10550,378,TRUE,5,https://www.ontariouniversitiesinfo.ca/programs/7155,
Biomedical Science,University of Ottawa,85,ENG4U,MHF4U,MCV4U,SBI4U,SCH4U,10550,378,TRUE,5,https://www.ontariouniversitiesinfo.ca/programs/7151,
Chemistry,University of Ottawa,83,ENG4U,MHF4U,MCV4U,SBI4U,SCH4U,10550,378,TRUE,5,https://www.ontariouniversitiesinfo.ca/programs/7156,
Environmental Science,University of Ottawa,83,ENG4U,MHF4U,MCV4U,SBI4U,SCH4U,10550,378,TRUE,5,https://www.ontariouniversitiesinfo.ca/programs/7153,
Mathematics,University of Ottawa,83,ENG4U,MHF4U,MCV4U,,,10550,378,TRUE,5,https://www.ontariouniversitiesinfo.ca/programs/7160,
Physics,University of Ottawa,83,ENG4U,MHF4U,MCV4U,SCH4U,SPH4U,10550,378,TRUE,5,https://www.ontariouniversitiesinfo.ca/programs/7161,
Physical and Mathematical Sciences,University of Toronto,85,ENG4U,SCH4U,MCV4U,SPH4U,SBI4U,6100,38,TRUE,4,https://www.ontariouniversitiesinfo.ca/programs/1105,
Engineering Science,University of Toronto,90,MHF4U,SBI4U,MCV4U,SCH4U,ENG4U,6100,38,TRUE,4,https://www.ontariouniversitiesinfo.ca/programs/182,
Computer Engineering,University of Toronto,88,ENG4U,MCV4U,MHF4U,SCH4U,SPH4U,6100,38,TRUE,4,https://www.ontariouniversitiesinfo.ca/programs/179,
Electrical Engineering,University of Toronto,88,ENG4U,MCV4U,MHF4U,SCH4U,SPH4U,6100,38,TRUE,4,https://www.ontariouniversitiesinfo.ca/programs/180,
Engineering Science,University of Toronto,93,ENG4U,MCV4U,MHF4U,SCH4U,SPH4U,6100,38,TRUE,4,https://www.ontariouniversitiesinfo.ca/programs/182,
Industrial Engineering,University of Toronto,85,ENG4U,MCV4U,SBI4U,SCH4U,MHF4U,6100,38,TRUE,4,https://www.ontariouniversitiesinfo.ca/programs/186,
Materials Engineering,University of Toronto,85,ENG4U,MCV4U,SBI4U,SCH4U,MHF4U,6100,38,TRUE,4,https://www.ontariouniversitiesinfo.ca/programs/188,
Mechanical Engineering,University of Toronto,85,ENG4U,MCV4U,SBI4U,SCH4U,MHF4U,6100,38,TRUE,4,https://www.ontariouniversitiesinfo.ca/programs/190,
Chemical Engineering,University of Toronto,83,ENG4U,MCV4U,MHF4U,SCH4U,SPH4U,6100,38,TRUE,4,https://www.ontariouniversitiesinfo.ca/programs/176,
Life Sciences (including Psychology),University of Toronto,85,ENG4U,MCV4U,SCH4U,SBI4U,,6100,38,TRUE,4,https://www.ontariouniversitiesinfo.ca/programs/1104,
Computer Science,University of Toronto,93,ENG4U,MCV4U,,,,6100,38,TRUE,4,https://www.ontariouniversitiesinfo.ca/programs/203,
Civil Engineering,University of Toronto,85,ENG4U,MCV4U,MHF4U,SCH4U,SPH4U,6100,38,TRUE,4,https://www.ontariouniversitiesinfo.ca/programs/178,
Engineering Science,University of Toronto,90,ENG4U,MCV4U,SBI4U,SCH4U,MHF4U,6100,38,TRUE,4,https://www.ontariouniversitiesinfo.ca/programs/182,
Applied Mathematics,University of Waterloo,88,ENG4U,MCV4U,MHF4U,,,7700,135,TRUE,5,https://uwaterloo.ca/future-students/programs/applied-mathematics,
Biostatistics,University of Waterloo,88,ENG4U,MCV4U,MHF4U,,,7700,135,TRUE,5,https://uwaterloo.ca/future-students/programs/biostatistics,
Combinatorics and Optimization,University of Waterloo,88,ENG4U,MCV4U,MHF4U,,,7700,135,TRUE,5,https://uwaterloo.ca/future-students/programs/combinatorics-and-optimization,
Computational Mathematics,University of Waterloo,88,ENG4U,MCV4U,MHF4U,,,7700,135,TRUE,5,https://uwaterloo.ca/future-students/programs/computational-mathematics,
Computer Science,University of Waterloo,90,ENG4U,MCV4U,MHF4U,,,7700,135,TRUE,5,https://uwaterloo.ca/future-students/programs/computer-science,
Data Science,University of Waterloo,90,ENG4U,MCV4U,MHF4U,,,7700,135,TRUE,5,https://uwaterloo.ca/future-students/programs/data-science,
General Mathematics,University of Waterloo,88,ENG4U,MCV4U,MHF4U,,,7700,135,TRUE,3,https://uwaterloo.ca/future-students/programs/mathematics,
Information Technology Management,University of Waterloo,88,ENG4U,MCV4U,MHF4U,,,7700,135,TRUE,5,https://uwaterloo.ca/future-students/programs/information-technology-management,
Mathematical Finance,University of Waterloo,88,ENG4U,MCV4U,MHF4U,,,7700,135,TRUE,5,https://uwaterloo.ca/future-students/programs/mathematical-finance,
Mathematical Optimization,University of Waterloo,88,ENG4U,MCV4U,MHF4U,,,7700,135,TRUE,5,https://uwaterloo.ca/future-students/programs/mathematical-optimization,
Pure Mathematics,University of Waterloo,80,ENG4U,MCV4U,MHF4U,,,7700,135,TRUE,5,https://uwaterloo.ca/future-students/programs/pure-mathematics,
Applied Physics,University of Waterloo,80,ENG4U,MCV4U,MHF4U,SPH4U,SCH4U,7700,135,TRUE,5,https://uwaterloo.ca/future-students/programs/physics,
Climate and Environmental Change,University of Waterloo,80,ENG4U,MHF4U,SBI4U,,,7700,135,TRUE,5,https://www.ontariouniversitiesinfo.ca/programs/7599,
Chemistry,University of Waterloo,90,ENG4U,MHF4U,MCV4U,SCH4U,SPH4U,7700,135,TRUE,5,https://uwaterloo.ca/future-students/programs/chemistry,
Environmental Science,University of Waterloo,80,ENG4U,MHF4U,MCV4U,SBI4U,SCH4U,7700,135,TRUE,5,https://uwaterloo.ca/future-students/programs/environmental-science,
Life Physics,University of Waterloo,80,MCV4U ,MHF4U,MCV4U,SPH4U,SCH4U,7700,135,TRUE,5,https://uwaterloo.ca/future-students/programs/life-physics,
Materials and Nanosciences,University of Waterloo,80,MCV4U ,MHF4U,MCV4U,SPH4U,SCH4U,7700,135,TRUE,5,https://uwaterloo.ca/future-students/programs/materials-and-nanosciences,
Medicinal Chemistry,University of Waterloo,80,MCV4U ,MHF4U,MCV4U,SPH4U,SCH4U,7700,135,TRUE,5,https://uwaterloo.ca/future-students/programs/medicinal-chemistry,
Physics,University of Waterloo,80,MCV4U ,MHF4U,MCV4U,SPH4U,SCH4U,7700,135,TRUE,5,https://uwaterloo.ca/future-students/programs/physics,
Physics and Astronomy,University of Waterloo,80,MCV4U ,MHF4U,MCV4U,SPH4U,SCH4U,7700,135,TRUE,5,https://uwaterloo.ca/future-students/programs/physics-and-astronomy,
Life Sciences,University of Waterloo,80,MCV4U ,SBI4U,SCH4U,ENG4U,,7700,135,TRUE,5,https://www.ontariouniversitiesinfo.ca/programs/410,
Biotechnology/Chartered Professional Accountancy,University of Waterloo,88,MHF4U,MCV4U,ENG4U,SBI4U,SCH4U,7700,135,TRUE,5,https://www.ontariouniversitiesinfo.ca/programs/404,
Biomedical Engineering,University of Waterloo,95,SCH4U ,SPH4U,ENG4U,MHF4U,MCV4U,7700,135,TRUE,5,https://uwaterloo.ca/future-students/programs/biomedical-engineering,
Chemical Engineering,University of Waterloo,90,SCH4U,ENG4U,SPH4U,MCV4U,MHF4U,7700,135,TRUE,5,https://uwaterloo.ca/future-students/programs/chemical-engineering,
Civil Engineering,University of Waterloo,90,SCH4U,ENG4U,SPH4U,MCV4U,MHF4U,7700,135,TRUE,5,https://uwaterloo.ca/future-students/programs/civil-engineering,
Computer Engineering,University of Waterloo,90,SCH4U,ENG4U,SPH4U,MCV4U,MHF4U,7700,135,TRUE,5,https://uwaterloo.ca/future-students/programs/computer-engineering,
Electrical Engineering,University of Waterloo,90,SCH4U,ENG4U,SPH4U,MCV4U,MHF4U,7700,135,TRUE,5,https://www.ontariouniversitiesinfo.ca/programs/331,
Environmental Engineering,University of Waterloo,85,SCH4U,ENG4U,SPH4U,MCV4U,MHF4U,7700,135,TRUE,5,https://www.ontariouniversitiesinfo.ca/programs/334,
Mechanical Engineering,University of Waterloo,85,SCH4U,ENG4U,SPH4U,MCV4U,MHF4U,7700,135,TRUE,5,https://www.ontariouniversitiesinfo.ca/programs/337,
Mechatronics Engineering,University of Waterloo,88,SCH4U,ENG4U,SPH4U,MCV4U,MHF4U,7700,135,TRUE,5,https://www.ontariouniversitiesinfo.ca/programs/340,
Nanotechnology Engineering,University of Waterloo,88,SCH4U,ENG4U,SPH4U,MCV4U,MHF4U,7700,135,TRUE,5,https://www.ontariouniversitiesinfo.ca/programs/343,
Software Engineering,University of Waterloo,90,SCH4U,ENG4U,SPH4U,MCV4U,MHF4U,7700,135,TRUE,5,https://www.ontariouniversitiesinfo.ca/programs/354,
Computing and Financial Management,University of Waterloo,90,ENG4U,MHF4U,MCV4U,,,7700,135,TRUE,5,https://www.ontariouniversitiesinfo.ca/programs/371,
Physical Sciences,University of Waterloo,80,ENG4U,MHF4U,MCV4U,,,7700,135,TRUE,5,https://www.ontariouniversitiesinfo.ca/programs/412,
Information Systems,Western University,80,ENG4U,,,,,7653.22,208.3,TRUE,4,https://www.ontariouniversitiesinfo.ca/programs/306,
Neuroscience,Western University,85,ENG4U,,,,,7653.22,208.3,TRUE,4,https://www.ontariouniversitiesinfo.ca/programs/302,
Biochemistry,Western University,90,ENG4U,MCV4U,SCH4U,SBI4U,,7653.22,208.3,TRUE,4,https://www.ontariouniversitiesinfo.ca/programs/352,
Biochemistry and Cell Biology,Western University,90,ENG4U,MCV4U,SCH4U,SBI4U,,7653.22,208.3,TRUE,4,https://www.ontariouniversitiesinfo.ca/programs/352,
Biochemistry and Chemistry,Western University,90,ENG4U,MCV4U,SCH4U,SBI4U,,7653.22,208.3,TRUE,4,https://www.ontariouniversitiesinfo.ca/programs/352,
Biochemistry of Infection and Immunity,Western University,90,ENG4U,MCV4U,SCH4U,SBI4U,,7653.22,208.3,TRUE,4,https://www.ontariouniversitiesinfo.ca/programs/352,
Medical Cell Biology,Western University,90,ENG4U,MCV4U,SCH4U,SBI4U,,7653.22,208.3,TRUE,4,https://www.ontariouniversitiesinfo.ca/programs/352,
Medical Health Informatics,Western University,90,ENG4U,MCV4U,SCH4U,SBI4U,,7653.22,208.3,TRUE,4,https://www.ontariouniversitiesinfo.ca/programs/352,
Medical Physics,Western University,90,ENG4U,MCV4U,SCH4U,SBI4U,,7653.22,208.3,TRUE,4,https://www.ontariouniversitiesinfo.ca/programs/352,
Medical Sciences,Western University,90,ENG4U,MCV4U,SCH4U,SBI4U,,7653.22,208.3,TRUE,4,https://www.ontariouniversitiesinfo.ca/programs/352,
Advanced Chemistry,Western University,85,ENG4U,MCV4U,SPH4U,SCH4U,,7653.22,208.3,TRUE,4,https://www.ontariouniversitiesinfo.ca/programs/349,
Advanced Physics,Western University,85,ENG4U,MCV4U,SPH4U,SCH4U,,7653.22,208.3,TRUE,4,https://www.ontariouniversitiesinfo.ca/programs/349,
Applications of Computer Science,Western University,85,ENG4U,MCV4U,SPH4U,SCH4U,,7653.22,208.3,TRUE,4,https://www.ontariouniversitiesinfo.ca/programs/349,
Applied Mathematical Methods,Western University,85,ENG4U,MCV4U,SPH4U,SCH4U,,7653.22,208.3,TRUE,4,https://www.ontariouniversitiesinfo.ca/programs/349,
Applied Mathematics,Western University,85,ENG4U,MCV4U,SPH4U,SCH4U,,7653.22,208.3,TRUE,4,https://www.ontariouniversitiesinfo.ca/programs/349,
Astronomy,Western University,85,ENG4U,MCV4U,SPH4U,SCH4U,,7653.22,208.3,TRUE,4,https://www.ontariouniversitiesinfo.ca/programs/349,
Astrophysics,Western University,85,ENG4U,MCV4U,SPH4U,SCH4U,,7653.22,208.3,TRUE,4,https://www.ontariouniversitiesinfo.ca/programs/349,
Biology,Western University,85,ENG4U,MCV4U,SPH4U,SCH4U,,7653.22,208.3,TRUE,4,https://www.ontariouniversitiesinfo.ca/programs/349,
Computer Algebra,Western University,85,ENG4U,MCV4U,SPH4U,SCH4U,,7653.22,208.3,TRUE,4,https://www.ontariouniversitiesinfo.ca/programs/349,
Data Science,Western University,85,ENG4U,MCV4U,SPH4U,SCH4U,,7653.22,208.3,TRUE,4,https://www.ontariouniversitiesinfo.ca/programs/349,
Earth Sciences,Western University,85,ENG4U,MCV4U,SPH4U,SCH4U,,7653.22,208.3,TRUE,4,https://www.ontariouniversitiesinfo.ca/programs/349,
Environmental Science,Western University,85,ENG4U,MCV4U,SPH4U,SCH4U,,7653.22,208.3,TRUE,4,https://www.ontariouniversitiesinfo.ca/programs/349,
Genetics,Western University,85,ENG4U,MCV4U,SPH4U,SCH4U,,7653.22,208.3,TRUE,4,https://www.ontariouniversitiesinfo.ca/programs/349,
Genetics and Biochemistry,Western University,85,ENG4U,MCV4U,SPH4U,SCH4U,,7653.22,208.3,TRUE,4,https://www.ontariouniversitiesinfo.ca/programs/349,
Mathematical Sciences,Western University,85,ENG4U,MCV4U,SPH4U,SCH4U,,7653.22,208.3,TRUE,4,https://www.ontariouniversitiesinfo.ca/programs/349,
Microbiology & Immunology,Western University,85,ENG4U,MCV4U,SPH4U,SCH4U,,7653.22,208.3,TRUE,4,https://www.ontariouniversitiesinfo.ca/programs/349,
Microbiology and Immunology,Western University,85,ENG4U,MCV4U,SPH4U,SCH4U,,7653.22,208.3,TRUE,4,https://www.ontariouniversitiesinfo.ca/programs/349,
Microbiology and Immunology with Pathology,Western University,85,ENG4U,MCV4U,SPH4U,SCH4U,,7653.22,208.3,TRUE,4,https://www.ontariouniversitiesinfo.ca/programs/349,
Physics,Western University,85,ENG4U,MCV4U,SPH4U,SCH4U,,7653.22,208.3,TRUE,4,https://www.ontariouniversitiesinfo.ca/programs/349,
Planetary Science and Space Exploration,Western University,85,ENG4U,MCV4U,SPH4U,SCH4U,,7653.22,208.3,TRUE,4,https://www.ontariouniversitiesinfo.ca/programs/349,
Theoretical Physics,Western University,85,ENG4U,MCV4U,SPH4U,SCH4U,,7653.22,208.3,TRUE,4,https://www.ontariouniversitiesinfo.ca/programs/349,
Chemical Engineering,Western University,85,ENG4U,MCV4U,MHF4U,SPH4U,SCH4U,7653.22,208.3,TRUE,4,https://www.ontariouniversitiesinfo.ca/programs/313,
Civil Engineering,Western University,85,ENG4U,MCV4U,MHF4U,SPH4U,SCH4U,7653.22,208.3,TRUE,4,https://www.ontariouniversitiesinfo.ca/programs/313,
Computer Engineering,Western University,85,ENG4U,MCV4U,MHF4U,SPH4U,SCH4U,7653.22,208.3,TRUE,4,https://www.ontariouniversitiesinfo.ca/programs/313,
Electrical Engineering,Western University,85,ENG4U,MCV4U,MHF4U,SPH4U,SCH4U,7653.22,208.3,TRUE,4,https://www.ontariouniversitiesinfo.ca/programs/313,
Mechanical Engineering,Western University,85,ENG4U,MCV4U,MHF4U,SPH4U,SCH4U,7653.22,208.3,TRUE,4,https://www.ontariouniversitiesinfo.ca/programs/313,
Software Engineering,Western University,85,ENG4U,MCV4U,MHF4U,SPH4U,SCH4U,7653.22,208.3,TRUE,4,https://www.ontariouniversitiesinfo.ca/programs/313,
Mathematics,Wilfrid Laurier University,75,ENG4U,MHF4U,MCV4U,,,7848.93,131,TRUE,4,https://www.ontariouniversitiesinfo.ca/programs/467,
Computer Science,Wilfrid Laurier University,75,ENG4U,MHF4U,MCV4U,ICS4U,,7848.93,131,TRUE,4,https://www.ontariouniversitiesinfo.ca/programs/443,
Biology,Wilfrid Laurier University,75,ENG4U,SBI4U,,,,7848.93,131,TRUE,4,https://www.ontariouniversitiesinfo.ca/programs/425,
Chemistry,Wilfrid Laurier University,75,ENG4U,SCH4U,MHF4U,,,7848.93,131,TRUE,4,https://www.ontariouniversitiesinfo.ca/programs/436,
Biochemistry,Wilfrid Laurier University,75,SCH4U,MHF4U,ENG4U,SBI4U,,7848.93,131,TRUE,4,https://www.ontariouniversitiesinfo.ca/programs/422,
Computer Science,York University,80,ENG4U,MHF4U,,,,10800,19.6,TRUE,4,https://www.ontariouniversitiesinfo.ca/programs/2051,
Computer Security,York University,85,ENG4U,MHF4U,,,,10800,19.6,TRUE,4,https://www.ontariouniversitiesinfo.ca/programs/2052,
Civil Engineering,York University,80,ENG4U,SCH4U,SPH4U,MHF4U,MCV4U,10800,19.6,TRUE,4,https://www.ontariouniversitiesinfo.ca/programs/4759,
Computer Engineering,York University,80,ENG4U,SCH4U,SPH4U,MHF4U,MCV4U,10800,19.6,TRUE,4,https://www.ontariouniversitiesinfo.ca/programs/4759,
Electrical Engineering,York University,80,ENG4U,SCH4U,SPH4U,MHF4U,MCV4U,10800,19.6,TRUE,4,https://www.ontariouniversitiesinfo.ca/programs/4759,
Mechanical Engineering,York University,80,ENG4U,SCH4U,SPH4U,MHF4U,MCV4U,10800,19.6,TRUE,4,https://www.ontariouniversitiesinfo.ca/programs/4759,
Software Engineering,York University,80,ENG4U,SCH4U,SPH4U,MHF4U,MCV4U,10800,19.6,TRUE,4,https://www.ontariouniversitiesinfo.ca/programs/4759,
Space Engineering,York University,80,ENG4U,SCH4U,SPH4U,MHF4U,MCV4U,10800,19.6,TRUE,5,https://www.ontariouniversitiesinfo.ca/programs/4759,
Astronomy,York University,80,ENG4U,SPH4U,MHF4U,MCV4U,,10800,19.6,TRUE,4,https://www.ontariouniversitiesinfo.ca/programs/669,
Biophysics,York University,80,ENG4U,SPH4U,MHF4U,MCV4U,,10800,19.6,TRUE,4,https://www.ontariouniversitiesinfo.ca/programs/669,
Physical Sciences,York University,75,ENG4U,SPH4U,MHF4U,MCV4U,,10800,19.6,TRUE,4,https://www.ontariouniversitiesinfo.ca/programs/665,
Physics,York University,80,ENG4U,SPH4U,MHF4U,MCV4U,,10800,19.6,TRUE,4,https://www.ontariouniversitiesinfo.ca/programs/669,
Space and Communication Sciences,York University,75,ENG4U,SPH4U,MHF4U,MCV4U,,10800,19.6,TRUE,4,https://www.ontariouniversitiesinfo.ca/programs/665