Computer Science,Ryerson University,86,ENG4U,MHF4U,MCV4U,SPH4U,,9652,29.1,TRUE,5,https://www.ryerson.ca/programs/undergraduate/computer-science/,
Computer Science,York University,83,ENG4U,MHF4U,MCV4U,SPH4U,,9653,28.8,TRUE,5,https://futurestudents.yorku.ca/program/computer-science#:~:text=School%20of%20Engineering--,
Computer Science,University of Toronto,90,ENG4U,MCV4U,,,,11420,38,TRUE,5,"https://future.utoronto.ca/undergraduate-programs/computer-science/#:~:text=Computer%20Science-,
Computer Science,University of Waterloo,90,ENG4U,MHF4U,MCV4U,,,13880,135,TRUE,5,"https://uwaterloo.ca/future-students/programs/computer-science#:~:text=Undergraduate%20ProgramsPrograms-",
Computer Science,McMaster University,90,ENG4U,MCV4U,SPH4U,ICS4U,,7997,108,TRUE,5,https://future.mcmaster.ca/programs/computer-science/?p1=9497&ib=no&frb=no&ss=attending-canada&p=ontario&cbe=no,
Computer Science,University of Guelph,87,ENG4U,MCV4U,,,,9817,107,TRUE,5,https://www.uoguelph.ca/computing/undergraduates/admissions,
Computer Science,Carleton University,86,ENG4U,MHF4U,MCV4U,,,10278,375,TRUE,5,https://admissions.carleton.ca/applicant-type/current-ontario-high-school-students-2/,
Computer Science,Trent University,80,ENG4U,,,,,8831.6,45.4,TRUE,5,https://www.trentu.ca/futurestudents/degree/computing-systems?target=undergraduate,
Computer Science,Wilfrid Laurier University,85,ENG4U,MHF4U,MCV4U,SPH4U,,6953,131,TRUE,5,https://www.wlu.ca/programs/science/undergraduate/computer-science-bsc/index.html,
Computer Science,University of Ottawa,90,ENG4U,,,,,9402,442,TRUE,5,https://engineering.uottawa.ca/undergraduate-programs/computer-science,
Biology,Algoma University,73,ENG4U,MHF4U,SBI4U,SCH4U,,6839.18,681.6,FALSE,3,https://algomau.ca/academics/programs/biology/,
Biomedical Sciences,Brock University,80,ENG4U,MHF4U,SBI4U,SPH4U,,6641.85,150.6,FALSE,4,https://brocku.ca/programs/undergraduate/biomedical-sciences/,
Biophysics,Brock University,75,ENG4U,MHF4U,SBI4U,SPH4U,,6641.85,150.6,FALSE,4,https://brocku.ca/programs/undergraduate/biophysics/,
Biology ,Carleton University,80,ENG4U,MHF4U,SBI4U,SPH4U,,7272.57,374.9,TRUE,4,https://admissions.carleton.ca/programs/biology-bsc/,
Biology,Ryerson University,80,ENG4U,MHF4U,SBI4U,SPH4U,,7058.94,29.1,TRUE,4,https://www.ryerson.ca/programs/undergraduate/biology/,
Biology,University of Toronto,85,ENG4U,MCV4U,SBI4U,SCH4U,,6100,38,FALSE,4,https://artsci.calendar.utoronto.ca/section/Biology,
Biology,Lakehead University,73,ENG4U,MHF4U,MCV4U,SBI4U,,7241.64,159.325,FALSE,4,https://www.lakeheadu.ca/programs/undergraduate-programs/biology/node/3362,
Biology,Laurentian University,73,ENG4U,MHF4U,SBI4U,SBI4U,,7133.64,383.4,FALSE,4,https://laurentian.ca/program/biology,
Biology,McMaster University,90,ENG4U,MHF4U,MCV4U,SBI4U,,7025.46,100,FALSE,4,https://www.biology.mcmaster.ca/undergraduate/undergraduate-programs.html#biology-core,
Biology,Nipissing University,72,ENG4U,MHF4U,SCH4U,SBI4U,,7245.81,342.4,FALSE,4,https://www.nipissingu.ca/academics/faculty-arts-and-science/studies-biology-and-chemistry/biology,
Biology,Trent University,72,ENG4U,SBI4U,SCH4U,,,7724.50,118.8,TRUE,4,https://www.trentu.ca/futurestudents/degree/biology?target=undergraduate,
Biology,University of Ottawa,82,ENG4U,MHF4U,MCV4U,SBI4U,SCH4U,7188.80,378,TRUE,4,https://catalogue.uottawa.ca/en/undergrad/major-biology/,
Biology,Western University,85,ENG4U,MHF4U,MCV4U,SBI4U,,7653.22,208.3,TRUE,4,https://www.uwo.ca/sci/undergraduate/future_students/academic_programs/biology.html,
Biology,York University,85,ENG4U,MHF4U,SBI4U,SCH4U,,7311.12,19.6,FALSE,4,https://futurestudents.yorku.ca/program/biology/science,
Animal Biology,University of Guelph,87,ENG4U,MHF4U,SBI4U,SCH4U,,6998.28,104.8,FALSE,4,https://admission.uoguelph.ca/bsc/abio,
Biology,Queen's University,82,ENG4U,MHF4U,MCV4U,SBI4U,SCH4U,7220.71,254.8,TRUE,4,https://www.queensu.ca/artsci/programs-and-degrees/natural-physical-sciences/biology,
Biology,University of Waterloo,82,ENG4U,MHF4U,MCV4U,SBI4U,SCH4U,7700,128,TRUE,4,https://uwaterloo.ca/future-students/programs/biology,
Biology (BSc),Wilfrid Laurier University,85,ENG4U,MHF4U,SBI4U,SCH4U,,7848.93,123.6,TRUE,4,https://wlu.ca/programs/science/undergraduate/biology-bsc/index.html?ref=programs%2Fscience%2Fundergraduate%2Fbiology-bsc%2Fprogram-details.html,
Interactive Biology,University of Windsor,72,ENG4U,MHF4U,SBI4U,SCH4U,,8468.22,383.8,FALSE,4,https://future.uwindsor.ca/biological-sciences,
Biology and Physics,Carleton University,80,ENG4U,MHF4U,SBI4U,SPH4U,,7272.57,374.9,TRUE,4,https://admissions.carleton.ca/programs/biology-bsc/,
Physics,Brock University,75,ENG4U,MHF4U,SCH4U,SPH4U,,6641.85,150.6,TRUE,4,https://brocku.ca/programs/undergraduate/physics/,
Theoretical Physics,Carleton University,80,SPH4U,MHF4U,MCV4U,SCH4U,,7272.57,374.9,TRUE,4,https://admissions.carleton.ca/programs/physics/,
Medical Physics,Ryerson University,72,ENG4U,MHF4U,SPH4U,SCH4U,,7058.94,29.1,TRUE,4,https://www.ryerson.ca/programs/undergraduate/medical-physics/,
Physics,University of Toronto,85,ENG4U,MCV4U,SPH4U,,,6100,38,TRUE,4,https://artsci.calendar.utoronto.ca/section/Physics,
Physics,Lakehead University,72,ENG4U,MHF4U,MCV4U,SPH4U,,7241.64,159.325,TRUE,4,https://www.lakeheadu.ca/programs/undergraduate-programs/physics/node/3361,
Physics,McMaster University,88,ENG4U,MHF4U,MCV4U,SPH4U,SCH4U,7025.46,100,TRUE,4,https://physics.mcmaster.ca/undergraduate-studies/current-students/undergraduate-programs.html#e-honours-physics-b-sc-4-year-program,
Physics,Trent University,72,ENG4U,MHF4U,,,,7724.50,118.8,FALSE,4,https://www.trentu.ca/futurestudents/degree/physics?target=undergraduate,
Physics,University of Ottawa,80,ENG4U,MHF4U,MCV4U,SPH4U,SCH4U,7188.80,378,TRUE,4,https://catalogue.uottawa.ca/en/undergrad/major-physics/,
Physics & Astronomy,Western University,85,ENG4U,MHF4U,MCV4U,SPH4U,,7653.22,208.3,TRUE,4,https://www.uwo.ca/sci/undergraduate/future_students/academic_programs/physics_astronomy.html,
Physics & Astronomy,York University,84,ENG4U,MHF4U,MCV4U,SPH4U,,7311.12,19.6,FALSE,4,https://futurestudents.yorku.ca/program/physics-astronomy,
Physics,University of Guelph,80,ENG4U,MHF4U,SPH4U,SCH4U,,6946.28,104.8,TRUE,4,https://admission.uoguelph.ca/bsc/phys,
Physics & Astronomy,Queen's University,83,ENG4U,MHF4U,MCV4U,SPH4U,SCH4U,7220.71,254.8,TRUE,4,https://www.queensu.ca/physics/undergrad-studies/physics-program-overview/physics-astronomy,
Physics,University of Waterloo,83,ENG4U,MHF4U,MCV4U,SPH4U,SCH4U,7700,128,TRUE,4,https://uwaterloo.ca/future-students/programs/physics,
Physics,Wilfrid Laurier University,85,ENG4U,MHF4U,MCV4U,SPH4U,,7848.93,123.6,TRUE,4,https://www.wlu.ca/programs/science/undergraduate/physics-bsc/index.html,
Physics,University of Windsor,72,ENG4U,MHF4U,SPH4U,,,8468.22,383.8,TRUE,4,https://future.uwindsor.ca/physics,
Mathematics & Statistics,Brock University,75,MHF4U,MCV4U,ENG4U,,,6641.86,150.6,TRUE,4,https://brocku.ca/programs/undergraduate/mathematics-and-statistics/,
Mathematics,Carleton University,79,MHF4U,MCV4U,ENG4U,,,7261.58,374.9,FALSE,3,https://admissions.carleton.ca/programs/mathematics/,
Mathematics & Economics,Lakehead University,73,ENG4U,ENG4U,MHF4U,MCV4U,,7241.64,125,FALSE,3,https://www.lakeheadu.ca/programs/undergraduate-programs/mathematics/node/3597,
Mathematics & Statistics Gateway,McMaster University,84,ENG4U,MHF4U,MCV4U,,,7025.46,100,TRUE,4,https://www.math.mcmaster.ca/undergraduate/undergraduate-programs.html,
Mathematics,Waterloo University,89,ENG4U,MHF4U,MCV4U,,,9300,128,TRUE,4,https://uwaterloo.ca/future-students/programs/mathematics,
Chemical Engineering,University of Toronto,89,ENG4U,MCV4U,MHF4U,SCH4U,,7090,28.7,TRUE,4,https://discover.engineering.utoronto.ca/programs/engineering-programs/chemical-engineering/,
Chemical & Physical Sciences Gateway,McMaster University,82,ENG4U,MHF4U,MCV4U,SCH4U,,7025.46,100,FALSE,3,https://www.chemistry.mcmaster.ca/undergraduate/programmes-in-chemistry.html,
Chemistry,Ryerson University,73,ENG4U,MHF4U,SBI4U,SCH4U,,7850.94,29.1,TRUE,4,https://www.ryerson.ca/programs/undergraduate/chemistry/,
Chemistry,York University,79,ENG4U,MHF4U,SCH4U,SPH4U,,7311.12,19.6,FALSE,3,https://futurestudents.yorku.ca/program/chemistry,
Chemistry,University of Ottawa,82,ENG4U,MCV4U,MHF4U,SCH4U,,7188.8,378,TRUE,3,https://catalogue.uottawa.ca/en/undergrad/major-chemistry/,
Mechanical Engineering,University of Waterloo,88,ENG4U,MCVFU,MHF4U,SPH4U,SCH4U,16000,128,TRUE,5,https://uwaterloo.ca/future-students/programs/mechanical-engineering,
Mechatronics Engineering,University of Waterloo,90,ENG4U,MCVFU,MHF4U,SPH4U,SCH4U,16000,128,TRUE,5,https://uwaterloo.ca/future-students/programs/mechatronics-engineering,
Civil Engineering,Western University,88,ENG4U,MCVFU,MHF4U,SPH4U,SCH4U,7500,230,TRUE,4,https://welcome.uwo.ca/what-can-i-study/undergraduate-programs/engineering.html,
Mechanical Engineering Ci,University of Toronto,87,ENG4U,MCVFU,MHF4U,SPH4U,SCH4U,14180,38,TRUE,4,https://www.mie.utoronto.ca/programs/undergraduate/mechanical-engineering/#admission,
Engineering 1,McMaster University,88,ENG4U,MCVFU,SPH4U,SCH4U,,7000,100,TRUE,4,https://www.eng.mcmaster.ca/your-first-year-engineering-1,
Electrical Engineering,Queen's University,83,ENG4U,MCVFU,SPH4U,MHF4U,,6150,254.8,TRUE,4,https://engineering.queensu.ca/programs/undergraduate/electrical-engineering.html,
Computer Systems Engineering,Carleton University,80,ENG4U,MCVFU,SPH4U,MHF4U,,11800,374,TRUE,4,https://admissions.carleton.ca/programs/computer-systems-engineering/,
Biotechnology,Brock University,75,ENG4U,MHF4U,SBI4U,,,6500,150.6,TRUE,4,https://brocku.ca/programs/undergraduate/biotechnology/,
Civil Engineering,Lakehead University,72,ENG4U,MHF4U,SPH4U,SCH4U,,9060,125,TRUE,4,https://www.lakeheadu.ca/programs/departments/civil-engineering/programs/ug,
Computer Engineering,University of Ottawa,82,ENG4U,MCVFU,MHF4U,SPH4U,SCH4U,10500,378,TRUE,4,https://catalogue.uottawa.ca/en/undergrad/basc-computer-engineering/,
Mechanical Engineering,York University,85,ENG4U,MCVFU,MHF4U,SPH4U,SCH4U,10800,19.6,TRUE,4,https://futurestudents.yorku.ca/program/mechanical-engineering,
Biomedical Engineering,University of Guelph,87,ENG4U,MCVFU,MHF4U,SBI4U,SPH4U,12200,104.8,TRUE,4,https://admission.uoguelph.ca/beng/biomed,
Environmental,University of Guelph,87,ENG4U,MCVFU,MHF4U,SBI4U,SPH4U,10300,104.8,TRUE,4,https://admission.uoguelph.ca/beng/enve,
General Engineering,University of Windsor,75,ENG4U,MHF4U,SPH4U,SCH4U,,12050,383.9,TRUE,4,https://future.uwindsor.ca/general-engineering,
Aerospace Engineering,Ryerson University,83,ENG4U,MCVFU,MHF4U,SPH4U,SCH4U,11150,29.1,TRUE,4,https://www.ryerson.ca/programs/undergraduate/aerospace-engineering/,
Chemical Engineering,McMaster University,89,ENG4U,MHF4U,SPH4U,SCH4U,,13400,100,TRUE,4,https://www.eng.mcmaster.ca/chemeng/programs/degree-options/beng-0,
Geological Engineering,University of Waterloo,86,ENG4U,MCVFU,MHF4U,SPH4U,SCH4U,17100,128,TRUE,5,https://uwaterloo.ca/future-students/programs/geological-engineering,
Mechanical Engineering,University of Ottawa,82,ENG4U,MCVFU,MHF4U,SPH4U,SCH4U,10550,378,TRUE,4,https://catalogue.uottawa.ca/en/undergrad/basc-mechanical-engineering/,
Engineering Physics,Queen's University,85,ENG4U,MCVFU,MHF4U,SPH4U,SCH4U,13163.47,254.8,TRUE,4,https://www.queensu.ca/physics/undergrad-studies/engineering-physics-program-overview/engineering-physics